id,title,content,date,type
news_1,校园新闻 1,这是北京大学第1条校园新闻内容示例...,2024-02-02,news
news_2,校园新闻 2,这是北京大学第2条校园新闻内容示例...,2024-03-03,news
news_3,校园新闻 3,这是北京大学第3条校园新闻内容示例...,2024-04-04,news
news_4,校园新闻 4,这是北京大学第4条校园新闻内容示例...,2024-05-05,news
news_5,校园新闻 5,这是北京大学第5条校园新闻内容示例...,2024-06-06,news
news_6,校园新闻 6,这是北京大学第6条校园新闻内容示例...,2024-07-07,news
news_7,校园新闻 7,这是北京大学第7条校园新闻内容示例...,2024-08-08,news
news_8,校园新闻 8,这是北京大学第8条校园新闻内容示例...,2024-09-09,news
news_9,校园新闻 9,这是北京大学第9条校园新闻内容示例...,2024-10-10,news
news_10,校园新闻 10,这是北京大学第10条校园新闻内容示例...,2024-11-11,news
news_11,校园新闻 11,这是北京大学第11条校园新闻内容示例...,2024-12-12,news
news_12,校园新闻 12,这是北京大学第12条校园新闻内容示例...,2024-01-13,news
news_13,校园新闻 13,这是北京大学第13条校园新闻内容示例...,2024-02-14,news
news_14,校园新闻 14,这是北京大学第14条校园新闻内容示例...,2024-03-15,news
news_15,校园新闻 15,这是北京大学第15条校园新闻内容示例...,2024-04-16,news
news_16,校园新闻 16,这是北京大学第16条校园新闻内容示例...,2024-05-17,news
news_17,校园新闻 17,这是北京大学第17条校园新闻内容示例...,2024-06-18,news
news_18,校园新闻 18,这是北京大学第18条校园新闻内容示例...,2024-07-19,news
news_19,校园新闻 19,这是北京大学第19条校园新闻内容示例...,2024-08-20,news
news_20,校园新闻 20,这是北京大学第20条校园新闻内容示例...,2024-09-21,news
news_21,校园新闻 21,这是北京大学第21条校园新闻内容示例...,2024-10-22,news
news_22,校园新闻 22,这是北京大学第22条校园新闻内容示例...,2024-11-23,news
news_23,校园新闻 23,这是北京大学第23条校园新闻内容示例...,2024-12-24,news
news_24,校园新闻 24,这是北京大学第24条校园新闻内容示例...,2024-01-25,news
news_25,校园新闻 25,这是北京大学第25条校园新闻内容示例...,2024-02-26,news
news_26,校园新闻 26,这是北京大学第26条校园新闻内容示例...,2024-03-27,news
news_27,校园新闻 27,这是北京大学第27条校园新闻内容示例...,2024-04-28,news
news_28,校园新闻 28,这是北京大学第28条校园新闻内容示例...,2024-05-01,news
news_29,校园新闻 29,这是北京大学第29条校园新闻内容示例...,2024-06-02,news
news_30,校园新闻 30,这是北京大学第30条校园新闻内容示例...,2024-07-03,news
news_31,校园新闻 31,这是北京大学第31条校园新闻内容示例...,2024-08-04,news
news_32,校园新闻 32,这是北京大学第32条校园新闻内容示例...,2024-09-05,news
news_33,校园新闻 33,这是北京大学第33条校园新闻内容示例...,2024-10-06,news
news_34,校园新闻 34,这是北京大学第34条校园新闻内容示例...,2024-11-07,news
news_35,校园新闻 35,这是北京大学第35条校园新闻内容示例...,2024-12-08,news
news_36,校园新闻 36,这是北京大学第36条校园新闻内容示例...,2024-01-09,news
news_37,校园新闻 37,这是北京大学第37条校园新闻内容示例...,2024-02-10,news
news_38,校园新闻 38,这是北京大学第38条校园新闻内容示例...,2024-03-11,news
news_39,校园新闻 39,这是北京大学第39条校园新闻内容示例...,2024-04-12,news
news_40,校园新闻 40,这是北京大学第40条校园新闻内容示例...,2024-05-13,news
news_41,校园新闻 41,这是北京大学第41条校园新闻内容示例...,2024-06-14,news
news_42,校园新闻 42,这是北京大学第42条校园新闻内容示例...,2024-07-15,news
news_43,校园新闻 43,这是北京大学第43条校园新闻内容示例...,2024-08-16,news
news_44,校园新闻 44,这是北京大学第44条校园新闻内容示例...,2024-09-17,news
news_45,校园新闻 45,这是北京大学第45条校园新闻内容示例...,2024-10-18,news
news_46,校园新闻 46,这是北京大学第46条校园新闻内容示例...,2024-11-19,news
news_47,校园新闻 47,这是北京大学第47条校园新闻内容示例...,2024-12-20,news
news_48,校园新闻 48,这是北京大学第48条校园新闻内容示例...,2024-01-21,news
news_49,校园新闻 49,这是北京大学第49条校园新闻内容示例...,2024-02-22,news
news_50,校园新闻 50,这是北京大学第50条校园新闻内容示例...,2024-03-23,news
news_51,校园新闻 51,这是北京大学第51条校园新闻内容示例...,2024-04-24,news
news_52,校园新闻 52,这是北京大学第52条校园新闻内容示例...,2024-05-25,news
news_53,校园新闻 53,这是北京大学第53条校园新闻内容示例...,2024-06-26,news
news_54,校园新闻 54,这是北京大学第54条校园新闻内容示例...,2024-07-27,news
news_55,校园新闻 55,这是北京大学第55条校园新闻内容示例...,2024-08-28,news
news_56,校园新闻 56,这是北京大学第56条校园新闻内容示例...,2024-09-01,news
news_57,校园新闻 57,这是北京大学第57条校园新闻内容示例...,2024-10-02,news
news_58,校园新闻 58,这是北京大学第58条校园新闻内容示例...,2024-11-03,news
news_59,校园新闻 59,这是北京大学第59条校园新闻内容示例...,2024-12-04,news
news_60,校园新闻 60,这是北京大学第60条校园新闻内容示例...,2024-01-05,news
news_61,校园新闻 61,这是北京大学第61条校园新闻内容示例...,2024-02-06,news
news_62,校园新闻 62,这是北京大学第62条校园新闻内容示例...,2024-03-07,news
news_63,校园新闻 63,这是北京大学第63条校园新闻内容示例...,2024-04-08,news
news_64,校园新闻 64,这是北京大学第64条校园新闻内容示例...,2024-05-09,news
news_65,校园新闻 65,这是北京大学第65条校园新闻内容示例...,2024-06-10,news
news_66,校园新闻 66,这是北京大学第66条校园新闻内容示例...,2024-07-11,news
news_67,校园新闻 67,这是北京大学第67条校园新闻内容示例...,2024-08-12,news
news_68,校园新闻 68,这是北京大学第68条校园新闻内容示例...,2024-09-13,news
news_69,校园新闻 69,这是北京大学第69条校园新闻内容示例...,2024-10-14,news
news_70,校园新闻 70,这是北京大学第70条校园新闻内容示例...,2024-11-15,news
news_71,校园新闻 71,这是北京大学第71条校园新闻内容示例...,2024-12-16,news
news_72,校园新闻 72,这是北京大学第72条校园新闻内容示例...,2024-01-17,news
news_73,校园新闻 73,这是北京大学第73条校园新闻内容示例...,2024-02-18,news
news_74,校园新闻 74,这是北京大学第74条校园新闻内容示例...,2024-03-19,news
news_75,校园新闻 75,这是北京大学第75条校园新闻内容示例...,2024-04-20,news
news_76,校园新闻 76,这是北京大学第76条校园新闻内容示例...,2024-05-21,news
news_77,校园新闻 77,这是北京大学第77条校园新闻内容示例...,2024-06-22,news
news_78,校园新闻 78,这是北京大学第78条校园新闻内容示例...,2024-07-23,news
news_79,校园新闻 79,这是北京大学第79条校园新闻内容示例...,2024-08-24,news
news_80,校园新闻 80,这是北京大学第80条校园新闻内容示例...,2024-09-25,news
news_81,校园新闻 81,这是北京大学第81条校园新闻内容示例...,2024-10-26,news
news_82,校园新闻 82,这是北京大学第82条校园新闻内容示例...,2024-11-27,news
news_83,校园新闻 83,这是北京大学第83条校园新闻内容示例...,2024-12-28,news
news_84,校园新闻 84,这是北京大学第84条校园新闻内容示例...,2024-01-01,news
news_85,校园新闻 85,这是北京大学第85条校园新闻内容示例...,2024-02-02,news
news_86,校园新闻 86,这是北京大学第86条校园新闻内容示例...,2024-03-03,news
news_87,校园新闻 87,这是北京大学第87条校园新闻内容示例...,2024-04-04,news
news_88,校园新闻 88,这是北京大学第88条校园新闻内容示例...,2024-05-05,news
news_89,校园新闻 89,这是北京大学第89条校园新闻内容示例...,2024-06-06,news
news_90,校园新闻 90,这是北京大学第90条校园新闻内容示例...,2024-07-07,news
news_91,校园新闻 91,这是北京大学第91条校园新闻内容示例...,2024-08-08,news
news_92,校园新闻 92,这是北京大学第92条校园新闻内容示例...,2024-09-09,news
news_93,校园新闻 93,这是北京大学第93条校园新闻内容示例...,2024-10-10,news
news_94,校园新闻 94,这是北京大学第94条校园新闻内容示例...,2024-11-11,news
news_95,校园新闻 95,这是北京大学第95条校园新闻内容示例...,2024-12-12,news
news_96,校园新闻 96,这是北京大学第96条校园新闻内容示例...,2024-01-13,news
news_97,校园新闻 97,这是北京大学第97条校园新闻内容示例...,2024-02-14,news
news_98,校园新闻 98,这是北京大学第98条校园新闻内容示例...,2024-03-15,news
news_99,校园新闻 99,这是北京大学第99条校园新闻内容示例...,2024-04-16,news
news_100,校园新闻 100,这是北京大学第100条校园新闻内容示例...,2024-05-17,news
news_101,校园新闻 101,这是北京大学第101条校园新闻内容示例...,2024-06-18,news
news_102,校园新闻 102,这是北京大学第102条校园新闻内容示例...,2024-07-19,news
news_103,校园新闻 103,这是北京大学第103条校园新闻内容示例...,2024-08-20,news
news_104,校园新闻 104,这是北京大学第104条校园新闻内容示例...,2024-09-21,news
news_105,校园新闻 105,这是北京大学第105条校园新闻内容示例...,2024-10-22,news
news_106,校园新闻 106,这是北京大学第106条校园新闻内容示例...,2024-11-23,news
news_107,校园新闻 107,这是北京大学第107条校园新闻内容示例...,2024-12-24,news
news_108,校园新闻 108,这是北京大学第108条校园新闻内容示例...,2024-01-25,news
news_109,校园新闻 109,这是北京大学第109条校园新闻内容示例...,2024-02-26,news
news_110,校园新闻 110,这是北京大学第110条校园新闻内容示例...,2024-03-27,news
news_111,校园新闻 111,这是北京大学第111条校园新闻内容示例...,2024-04-28,news
news_112,校园新闻 112,这是北京大学第112条校园新闻内容示例...,2024-05-01,news
news_113,校园新闻 113,这是北京大学第113条校园新闻内容示例...,2024-06-02,news
news_114,校园新闻 114,这是北京大学第114条校园新闻内容示例...,2024-07-03,news
news_115,校园新闻 115,这是北京大学第115条校园新闻内容示例...,2024-08-04,news
news_116,校园新闻 116,这是北京大学第116条校园新闻内容示例...,2024-09-05,news
news_117,校园新闻 117,这是北京大学第117条校园新闻内容示例...,2024-10-06,news
news_118,校园新闻 118,这是北京大学第118条校园新闻内容示例...,2024-11-07,news
news_119,校园新闻 119,这是北京大学第119条校园新闻内容示例...,2024-12-08,news
news_120,校园新闻 120,这是北京大学第120条校园新闻内容示例...,2024-01-09,news
news_121,校园新闻 121,这是北京大学第121条校园新闻内容示例...,2024-02-10,news
news_122,校园新闻 122,这是北京大学第122条校园新闻内容示例...,2024-03-11,news
news_123,校园新闻 123,这是北京大学第123条校园新闻内容示例...,2024-04-12,news
news_124,校园新闻 124,这是北京大学第124条校园新闻内容示例...,2024-05-13,news
news_125,校园新闻 125,这是北京大学第125条校园新闻内容示例...,2024-06-14,news
news_126,校园新闻 126,这是北京大学第126条校园新闻内容示例...,2024-07-15,news
news_127,校园新闻 127,这是北京大学第127条校园新闻内容示例...,2024-08-16,news
news_128,校园新闻 128,这是北京大学第128条校园新闻内容示例...,2024-09-17,news
news_129,校园新闻 129,这是北京大学第129条校园新闻内容示例...,2024-10-18,news
news_130,校园新闻 130,这是北京大学第130条校园新闻内容示例...,2024-11-19,news
news_131,校园新闻 131,这是北京大学第131条校园新闻内容示例...,2024-12-20,news
news_132,校园新闻 132,这是北京大学第132条校园新闻内容示例...,2024-01-21,news
news_133,校园新闻 133,这是北京大学第133条校园新闻内容示例...,2024-02-22,news
news_134,校园新闻 134,这是北京大学第134条校园新闻内容示例...,2024-03-23,news
news_135,校园新闻 135,这是北京大学第135条校园新闻内容示例...,2024-04-24,news
news_136,校园新闻 136,这是北京大学第136条校园新闻内容示例...,2024-05-25,news
news_137,校园新闻 137,这是北京大学第137条校园新闻内容示例...,2024-06-26,news
news_138,校园新闻 138,这是北京大学第138条校园新闻内容示例...,2024-07-27,news
news_139,校园新闻 139,这是北京大学第139条校园新闻内容示例...,2024-08-28,news
news_140,校园新闻 140,这是北京大学第140条校园新闻内容示例...,2024-09-01,news
news_141,校园新闻 141,这是北京大学第141条校园新闻内容示例...,2024-10-02,news
news_142,校园新闻 142,这是北京大学第142条校园新闻内容示例...,2024-11-03,news
news_143,校园新闻 143,这是北京大学第143条校园新闻内容示例...,2024-12-04,news
news_144,校园新闻 144,这是北京大学第144条校园新闻内容示例...,2024-01-05,news
news_145,校园新闻 145,这是北京大学第145条校园新闻内容示例...,2024-02-06,news
news_146,校园新闻 146,这是北京大学第146条校园新闻内容示例...,2024-03-07,news
news_147,校园新闻 147,这是北京大学第147条校园新闻内容示例...,2024-04-08,news
news_148,校园新闻 148,这是北京大学第148条校园新闻内容示例...,2024-05-09,news
news_149,校园新闻 149,这是北京大学第149条校园新闻内容示例...,2024-06-10,news
news_150,校园新闻 150,这是北京大学第150条校园新闻内容示例...,2024-07-11,news
news_151,校园新闻 151,这是北京大学第151条校园新闻内容示例...,2024-08-12,news
news_152,校园新闻 152,这是北京大学第152条校园新闻内容示例...,2024-09-13,news
news_153,校园新闻 153,这是北京大学第153条校园新闻内容示例...,2024-10-14,news
news_154,校园新闻 154,这是北京大学第154条校园新闻内容示例...,2024-11-15,news
news_155,校园新闻 155,这是北京大学第155条校园新闻内容示例...,2024-12-16,news
news_156,校园新闻 156,这是北京大学第156条校园新闻内容示例...,2024-01-17,news
news_157,校园新闻 157,这是北京大学第157条校园新闻内容示例...,2024-02-18,news
news_158,校园新闻 158,这是北京大学第158条校园新闻内容示例...,2024-03-19,news
news_159,校园新闻 159,这是北京大学第159条校园新闻内容示例...,2024-04-20,news
news_160,校园新闻 160,这是北京大学第160条校园新闻内容示例...,2024-05-21,news
news_161,校园新闻 161,这是北京大学第161条校园新闻内容示例...,2024-06-22,news
news_162,校园新闻 162,这是北京大学第162条校园新闻内容示例...,2024-07-23,news
news_163,校园新闻 163,这是北京大学第163条校园新闻内容示例...,2024-08-24,news
news_164,校园新闻 164,这是北京大学第164条校园新闻内容示例...,2024-09-25,news
news_165,校园新闻 165,这是北京大学第165条校园新闻内容示例...,2024-10-26,news
news_166,校园新闻 166,这是北京大学第166条校园新闻内容示例...,2024-11-27,news
news_167,校园新闻 167,这是北京大学第167条校园新闻内容示例...,2024-12-28,news
news_168,校园新闻 168,这是北京大学第168条校园新闻内容示例...,2024-01-01,news
news_169,校园新闻 169,这是北京大学第169条校园新闻内容示例...,2024-02-02,news
news_170,校园新闻 170,这是北京大学第170条校园新闻内容示例...,2024-03-03,news
news_171,校园新闻 171,这是北京大学第171条校园新闻内容示例...,2024-04-04,news
news_172,校园新闻 172,这是北京大学第172条校园新闻内容示例...,2024-05-05,news
news_173,校园新闻 173,这是北京大学第173条校园新闻内容示例...,2024-06-06,news
news_174,校园新闻 174,这是北京大学第174条校园新闻内容示例...,2024-07-07,news
news_175,校园新闻 175,这是北京大学第175条校园新闻内容示例...,2024-08-08,news
news_176,校园新闻 176,这是北京大学第176条校园新闻内容示例...,2024-09-09,news
news_177,校园新闻 177,这是北京大学第177条校园新闻内容示例...,2024-10-10,news
news_178,校园新闻 178,这是北京大学第178条校园新闻内容示例...,2024-11-11,news
news_179,校园新闻 179,这是北京大学第179条校园新闻内容示例...,2024-12-12,news
news_180,校园新闻 180,这是北京大学第180条校园新闻内容示例...,2024-01-13,news
news_181,校园新闻 181,这是北京大学第181条校园新闻内容示例...,2024-02-14,news
news_182,校园新闻 182,这是北京大学第182条校园新闻内容示例...,2024-03-15,news
news_183,校园新闻 183,这是北京大学第183条校园新闻内容示例...,2024-04-16,news
news_184,校园新闻 184,这是北京大学第184条校园新闻内容示例...,2024-05-17,news
news_185,校园新闻 185,这是北京大学第185条校园新闻内容示例...,2024-06-18,news
news_186,校园新闻 186,这是北京大学第186条校园新闻内容示例...,2024-07-19,news
news_187,校园新闻 187,这是北京大学第187条校园新闻内容示例...,2024-08-20,news
news_188,校园新闻 188,这是北京大学第188条校园新闻内容示例...,2024-09-21,news
news_189,校园新闻 189,这是北京大学第189条校园新闻内容示例...,2024-10-22,news
news_190,校园新闻 190,这是北京大学第190条校园新闻内容示例...,2024-11-23,news
news_191,校园新闻 191,这是北京大学第191条校园新闻内容示例...,2024-12-24,news
news_192,校园新闻 192,这是北京大学第192条校园新闻内容示例...,2024-01-25,news
news_193,校园新闻 193,这是北京大学第193条校园新闻内容示例...,2024-02-26,news
news_194,校园新闻 194,这是北京大学第194条校园新闻内容示例...,2024-03-27,news
news_195,校园新闻 195,这是北京大学第195条校园新闻内容示例...,2024-04-28,news
news_196,校园新闻 196,这是北京大学第196条校园新闻内容示例...,2024-05-01,news
news_197,校园新闻 197,这是北京大学第197条校园新闻内容示例...,2024-06-02,news
news_198,校园新闻 198,这是北京大学第198条校园新闻内容示例...,2024-07-03,news
news_199,校园新闻 199,这是北京大学第199条校园新闻内容示例...,2024-08-04,news
news_200,校园新闻 200,这是北京大学第200条校园新闻内容示例...,2024-09-05,news
news_201,校园新闻 201,这是北京大学第201条校园新闻内容示例...,2024-10-06,news
news_202,校园新闻 202,这是北京大学第202条校园新闻内容示例...,2024-11-07,news
news_203,校园新闻 203,这是北京大学第203条校园新闻内容示例...,2024-12-08,news
news_204,校园新闻 204,这是北京大学第204条校园新闻内容示例...,2024-01-09,news
news_205,校园新闻 205,这是北京大学第205条校园新闻内容示例...,2024-02-10,news
news_206,校园新闻 206,这是北京大学第206条校园新闻内容示例...,2024-03-11,news
news_207,校园新闻 207,这是北京大学第207条校园新闻内容示例...,2024-04-12,news
news_208,校园新闻 208,这是北京大学第208条校园新闻内容示例...,2024-05-13,news
news_209,校园新闻 209,这是北京大学第209条校园新闻内容示例...,2024-06-14,news
news_210,校园新闻 210,这是北京大学第210条校园新闻内容示例...,2024-07-15,news
news_211,校园新闻 211,这是北京大学第211条校园新闻内容示例...,2024-08-16,news
news_212,校园新闻 212,这是北京大学第212条校园新闻内容示例...,2024-09-17,news
news_213,校园新闻 213,这是北京大学第213条校园新闻内容示例...,2024-10-18,news
news_214,校园新闻 214,这是北京大学第214条校园新闻内容示例...,2024-11-19,news
news_215,校园新闻 215,这是北京大学第215条校园新闻内容示例...,2024-12-20,news
news_216,校园新闻 216,这是北京大学第216条校园新闻内容示例...,2024-01-21,news
news_217,校园新闻 217,这是北京大学第217条校园新闻内容示例...,2024-02-22,news
news_218,校园新闻 218,这是北京大学第218条校园新闻内容示例...,2024-03-23,news
news_219,校园新闻 219,这是北京大学第219条校园新闻内容示例...,2024-04-24,news
news_220,校园新闻 220,这是北京大学第220条校园新闻内容示例...,2024-05-25,news
news_221,校园新闻 221,这是北京大学第221条校园新闻内容示例...,2024-06-26,news
news_222,校园新闻 222,这是北京大学第222条校园新闻内容示例...,2024-07-27,news
news_223,校园新闻 223,这是北京大学第223条校园新闻内容示例...,2024-08-28,news
news_224,校园新闻 224,这是北京大学第224条校园新闻内容示例...,2024-09-01,news
news_225,校园新闻 225,这是北京大学第225条校园新闻内容示例...,2024-10-02,news
news_226,校园新闻 226,这是北京大学第226条校园新闻内容示例...,2024-11-03,news
news_227,校园新闻 227,这是北京大学第227条校园新闻内容示例...,2024-12-04,news
news_228,校园新闻 228,这是北京大学第228条校园新闻内容示例...,2024-01-05,news
news_229,校园新闻 229,这是北京大学第229条校园新闻内容示例...,2024-02-06,news
news_230,校园新闻 230,这是北京大学第230条校园新闻内容示例...,2024-03-07,news
news_231,校园新闻 231,这是北京大学第231条校园新闻内容示例...,2024-04-08,news
news_232,校园新闻 232,这是北京大学第232条校园新闻内容示例...,2024-05-09,news
news_233,校园新闻 233,这是北京大学第233条校园新闻内容示例...,2024-06-10,news
news_234,校园新闻 234,这是北京大学第234条校园新闻内容示例...,2024-07-11,news
news_235,校园新闻 235,这是北京大学第235条校园新闻内容示例...,2024-08-12,news
news_236,校园新闻 236,这是北京大学第236条校园新闻内容示例...,2024-09-13,news
news_237,校园新闻 237,这是北京大学第237条校园新闻内容示例...,2024-10-14,news
news_238,校园新闻 238,这是北京大学第238条校园新闻内容示例...,2024-11-15,news
news_239,校园新闻 239,这是北京大学第239条校园新闻内容示例...,2024-12-16,news
news_240,校园新闻 240,这是北京大学第240条校园新闻内容示例...,2024-01-17,news
news_241,校园新闻 241,这是北京大学第241条校园新闻内容示例...,2024-02-18,news
news_242,校园新闻 242,这是北京大学第242条校园新闻内容示例...,2024-03-19,news
news_243,校园新闻 243,这是北京大学第243条校园新闻内容示例...,2024-04-20,news
news_244,校园新闻 244,这是北京大学第244条校园新闻内容示例...,2024-05-21,news
news_245,校园新闻 245,这是北京大学第245条校园新闻内容示例...,2024-06-22,news
news_246,校园新闻 246,这是北京大学第246条校园新闻内容示例...,2024-07-23,news
news_247,校园新闻 247,这是北京大学第247条校园新闻内容示例...,2024-08-24,news
news_248,校园新闻 248,这是北京大学第248条校园新闻内容示例...,2024-09-25,news
news_249,校园新闻 249,这是北京大学第249条校园新闻内容示例...,2024-10-26,news
news_250,校园新闻 250,这是北京大学第250条校园新闻内容示例...,2024-11-27,news
news_251,校园新闻 251,这是北京大学第251条校园新闻内容示例...,2024-12-28,news
news_252,校园新闻 252,这是北京大学第252条校园新闻内容示例...,2024-01-01,news
news_253,校园新闻 253,这是北京大学第253条校园新闻内容示例...,2024-02-02,news
news_254,校园新闻 254,这是北京大学第254条校园新闻内容示例...,2024-03-03,news
news_255,校园新闻 255,这是北京大学第255条校园新闻内容示例...,2024-04-04,news
news_256,校园新闻 256,这是北京大学第256条校园新闻内容示例...,2024-05-05,news
news_257,校园新闻 257,这是北京大学第257条校园新闻内容示例...,2024-06-06,news
news_258,校园新闻 258,这是北京大学第258条校园新闻内容示例...,2024-07-07,news
news_259,校园新闻 259,这是北京大学第259条校园新闻内容示例...,2024-08-08,news
news_260,校园新闻 260,这是北京大学第260条校园新闻内容示例...,2024-09-09,news
news_261,校园新闻 261,这是北京大学第261条校园新闻内容示例...,2024-10-10,news
news_262,校园新闻 262,这是北京大学第262条校园新闻内容示例...,2024-11-11,news
news_263,校园新闻 263,这是北京大学第263条校园新闻内容示例...,2024-12-12,news
news_264,校园新闻 264,这是北京大学第264条校园新闻内容示例...,2024-01-13,news
news_265,校园新闻 265,这是北京大学第265条校园新闻内容示例...,2024-02-14,news
news_266,校园新闻 266,这是北京大学第266条校园新闻内容示例...,2024-03-15,news
news_267,校园新闻 267,这是北京大学第267条校园新闻内容示例...,2024-04-16,news
news_268,校园新闻 268,这是北京大学第268条校园新闻内容示例...,2024-05-17,news
news_269,校园新闻 269,这是北京大学第269条校园新闻内容示例...,2024-06-18,news
news_270,校园新闻 270,这是北京大学第270条校园新闻内容示例...,2024-07-19,news
news_271,校园新闻 271,这是北京大学第271条校园新闻内容示例...,2024-08-20,news
news_272,校园新闻 272,这是北京大学第272条校园新闻内容示例...,2024-09-21,news
news_273,校园新闻 273,这是北京大学第273条校园新闻内容示例...,2024-10-22,news
news_274,校园新闻 274,这是北京大学第274条校园新闻内容示例...,2024-11-23,news
news_275,校园新闻 275,这是北京大学第275条校园新闻内容示例...,2024-12-24,news
news_276,校园新闻 276,这是北京大学第276条校园新闻内容示例...,2024-01-25,news
news_277,校园新闻 277,这是北京大学第277条校园新闻内容示例...,2024-02-26,news
news_278,校园新闻 278,这是北京大学第278条校园新闻内容示例...,2024-03-27,news
news_279,校园新闻 279,这是北京大学第279条校园新闻内容示例...,2024-04-28,news
news_280,校园新闻 280,这是北京大学第280条校园新闻内容示例...,2024-05-01,news
news_281,校园新闻 281,这是北京大学第281条校园新闻内容示例...,2024-06-02,news
news_282,校园新闻 282,这是北京大学第282条校园新闻内容示例...,2024-07-03,news
news_283,校园新闻 283,这是北京大学第283条校园新闻内容示例...,2024-08-04,news
news_284,校园新闻 284,这是北京大学第284条校园新闻内容示例...,2024-09-05,news
news_285,校园新闻 285,这是北京大学第285条校园新闻内容示例...,2024-10-06,news
news_286,校园新闻 286,这是北京大学第286条校园新闻内容示例...,2024-11-07,news
news_287,校园新闻 287,这是北京大学第287条校园新闻内容示例...,2024-12-08,news
news_288,校园新闻 288,这是北京大学第288条校园新闻内容示例...,2024-01-09,news
news_289,校园新闻 289,这是北京大学第289条校园新闻内容示例...,2024-02-10,news
news_290,校园新闻 290,这是北京大学第290条校园新闻内容示例...,2024-03-11,news
news_291,校园新闻 291,这是北京大学第291条校园新闻内容示例...,2024-04-12,news
news_292,校园新闻 292,这是北京大学第292条校园新闻内容示例...,2024-05-13,news
news_293,校园新闻 293,这是北京大学第293条校园新闻内容示例...,2024-06-14,news
news_294,校园新闻 294,这是北京大学第294条校园新闻内容示例...,2024-07-15,news
news_295,校园新闻 295,这是北京大学第295条校园新闻内容示例...,2024-08-16,news
news_296,校园新闻 296,这是北京大学第296条校园新闻内容示例...,2024-09-17,news
news_297,校园新闻 297,这是北京大学第297条校园新闻内容示例...,2024-10-18,news
news_298,校园新闻 298,这是北京大学第298条校园新闻内容示例...,2024-11-19,news
news_299,校园新闻 299,这是北京大学第299条校园新闻内容示例...,2024-12-20,news
news_300,校园新闻 300,这是北京大学第300条校园新闻内容示例...,2024-01-21,news
news_301,校园新闻 301,这是北京大学第301条校园新闻内容示例...,2024-02-22,news
news_302,校园新闻 302,这是北京大学第302条校园新闻内容示例...,2024-03-23,news
news_303,校园新闻 303,这是北京大学第303条校园新闻内容示例...,2024-04-24,news
news_304,校园新闻 304,这是北京大学第304条校园新闻内容示例...,2024-05-25,news
news_305,校园新闻 305,这是北京大学第305条校园新闻内容示例...,2024-06-26,news
news_306,校园新闻 306,这是北京大学第306条校园新闻内容示例...,2024-07-27,news
news_307,校园新闻 307,这是北京大学第307条校园新闻内容示例...,2024-08-28,news
news_308,校园新闻 308,这是北京大学第308条校园新闻内容示例...,2024-09-01,news
news_309,校园新闻 309,这是北京大学第309条校园新闻内容示例...,2024-10-02,news
news_310,校园新闻 310,这是北京大学第310条校园新闻内容示例...,2024-11-03,news
news_311,校园新闻 311,这是北京大学第311条校园新闻内容示例...,2024-12-04,news
news_312,校园新闻 312,这是北京大学第312条校园新闻内容示例...,2024-01-05,news
news_313,校园新闻 313,这是北京大学第313条校园新闻内容示例...,2024-02-06,news
news_314,校园新闻 314,这是北京大学第314条校园新闻内容示例...,2024-03-07,news
news_315,校园新闻 315,这是北京大学第315条校园新闻内容示例...,2024-04-08,news
news_316,校园新闻 316,这是北京大学第316条校园新闻内容示例...,2024-05-09,news
news_317,校园新闻 317,这是北京大学第317条校园新闻内容示例...,2024-06-10,news
news_318,校园新闻 318,这是北京大学第318条校园新闻内容示例...,2024-07-11,news
news_319,校园新闻 319,这是北京大学第319条校园新闻内容示例...,2024-08-12,news
news_320,校园新闻 320,这是北京大学第320条校园新闻内容示例...,2024-09-13,news
news_321,校园新闻 321,这是北京大学第321条校园新闻内容示例...,2024-10-14,news
news_322,校园新闻 322,这是北京大学第322条校园新闻内容示例...,2024-11-15,news
news_323,校园新闻 323,这是北京大学第323条校园新闻内容示例...,2024-12-16,news
news_324,校园新闻 324,这是北京大学第324条校园新闻内容示例...,2024-01-17,news
news_325,校园新闻 325,这是北京大学第325条校园新闻内容示例...,2024-02-18,news
news_326,校园新闻 326,这是北京大学第326条校园新闻内容示例...,2024-03-19,news
news_327,校园新闻 327,这是北京大学第327条校园新闻内容示例...,2024-04-20,news
news_328,校园新闻 328,这是北京大学第328条校园新闻内容示例...,2024-05-21,news
news_329,校园新闻 329,这是北京大学第329条校园新闻内容示例...,2024-06-22,news
news_330,校园新闻 330,这是北京大学第330条校园新闻内容示例...,2024-07-23,news
news_331,校园新闻 331,这是北京大学第331条校园新闻内容示例...,2024-08-24,news
news_332,校园新闻 332,这是北京大学第332条校园新闻内容示例...,2024-09-25,news
news_333,校园新闻 333,这是北京大学第333条校园新闻内容示例...,2024-10-26,news
news_334,校园新闻 334,这是北京大学第334条校园新闻内容示例...,2024-11-27,news
news_335,校园新闻 335,这是北京大学第335条校园新闻内容示例...,2024-12-28,news
news_336,校园新闻 336,这是北京大学第336条校园新闻内容示例...,2024-01-01,news
news_337,校园新闻 337,这是北京大学第337条校园新闻内容示例...,2024-02-02,news
news_338,校园新闻 338,这是北京大学第338条校园新闻内容示例...,2024-03-03,news
news_339,校园新闻 339,这是北京大学第339条校园新闻内容示例...,2024-04-04,news
news_340,校园新闻 340,这是北京大学第340条校园新闻内容示例...,2024-05-05,news
news_341,校园新闻 341,这是北京大学第341条校园新闻内容示例...,2024-06-06,news
news_342,校园新闻 342,这是北京大学第342条校园新闻内容示例...,2024-07-07,news
news_343,校园新闻 343,这是北京大学第343条校园新闻内容示例...,2024-08-08,news
news_344,校园新闻 344,这是北京大学第344条校园新闻内容示例...,2024-09-09,news
news_345,校园新闻 345,这是北京大学第345条校园新闻内容示例...,2024-10-10,news
news_346,校园新闻 346,这是北京大学第346条校园新闻内容示例...,2024-11-11,news
news_347,校园新闻 347,这是北京大学第347条校园新闻内容示例...,2024-12-12,news
news_348,校园新闻 348,这是北京大学第348条校园新闻内容示例...,2024-01-13,news
news_349,校园新闻 349,这是北京大学第349条校园新闻内容示例...,2024-02-14,news
news_350,校园新闻 350,这是北京大学第350条校园新闻内容示例...,2024-03-15,news
